seed,project,mae_Shared-head,mae_P-head
42,Apache_Mesos,1.3213166144200628,1.2351097178683386
42,Appcelerator_Studio,2.379644588045234,1.319870759289176
42,Aptana_Studio,3.2764227642276422,1.853658536585366
42,Atlassian_Confluence_Server,0.734375,0.8203125
42,DotNetNuke_Platform,0.8562874251497006,0.6047904191616766
42,Hyperledger_Fabric,2.0454545454545454,0.8818181818181818
42,Hyperledger_Indy_Node,1.544776119402985,1.2835820895522387
42,Hyperledger_Indy_SDK,1.713235294117647,1.7058823529411764
42,Hyperledger_Sawtooth,1.0736842105263158,0.9
42,Lyrasis_Dura_Cloud,0.8571428571428571,0.5555555555555556
42,MongoDB_Core_Server,0.9295774647887324,0.852112676056338
42,Moodle,1.0765306122448979,2.5408163265306123
42,Mule,1.6024305555555556,1.7135416666666667
42,Sonatype_Nexus,0.9322033898305084,0.9932203389830508
42,Spring_XD,1.444270015698587,1.3689167974882261
42,The_MongoDB_Engineering,0.7129840546697038,0.5068337129840547
42,The_Titanium_SDK,2.199203187250996,1.5763612217795484
42,Titanium_Mobile_Platform,2.6634615384615383,2.5528846153846154
43,Apache_Mesos,1.293103448275862,1.2429467084639498
43,Appcelerator_Studio,2.35702746365105,1.3134087237479806
43,Aptana_Studio,3.154471544715447,1.8048780487804879
43,Atlassian_Confluence_Server,0.75,0.84375
43,DotNetNuke_Platform,0.8562874251497006,0.5988023952095808
43,Hyperledger_Fabric,1.5909090909090908,0.7636363636363637
43,Hyperledger_Indy_Node,1.5597014925373134,1.3432835820895523
43,Hyperledger_Indy_SDK,1.661764705882353,1.6985294117647058
43,Hyperledger_Sawtooth,1.0842105263157895,0.8947368421052632
43,Lyrasis_Dura_Cloud,0.873015873015873,0.6111111111111112
43,MongoDB_Core_Server,1.0140845070422535,0.852112676056338
43,Moodle,1.1275510204081634,2.3316326530612246
43,Mule,1.6527777777777777,1.8263888888888888
43,Sonatype_Nexus,1.0,1.0169491525423728
43,Spring_XD,1.4866562009419153,1.414442700156986
43,The_MongoDB_Engineering,0.7517084282460137,0.5170842824601367
43,The_Titanium_SDK,2.146082337317397,1.6082337317397077
43,Titanium_Mobile_Platform,2.6923076923076925,2.5576923076923075
44,Apache_Mesos,1.2993730407523512,1.2586206896551724
44,Appcelerator_Studio,2.382875605815832,1.35702746365105
44,Aptana_Studio,3.1463414634146343,1.8617886178861789
44,Atlassian_Confluence_Server,0.7734375,0.8203125
44,DotNetNuke_Platform,0.8902195608782435,0.6007984031936128
44,Hyperledger_Fabric,1.8,0.8454545454545455
44,Hyperledger_Indy_Node,1.455223880597015,1.3134328358208955
44,Hyperledger_Indy_SDK,1.7205882352941178,1.6985294117647058
44,Hyperledger_Sawtooth,1.1421052631578947,0.8842105263157894
44,Lyrasis_Dura_Cloud,0.8174603174603174,0.5714285714285714
44,MongoDB_Core_Server,0.9788732394366197,0.7887323943661971
44,Moodle,1.1275510204081634,2.3979591836734695
44,Mule,1.5989583333333333,1.6527777777777777
44,Sonatype_Nexus,0.9491525423728814,1.0
44,Spring_XD,1.4427001569858713,1.3971742543171115
44,The_MongoDB_Engineering,0.7813211845102506,0.5159453302961275
44,The_Titanium_SDK,2.233731739707835,1.597609561752988
44,Titanium_Mobile_Platform,2.6634615384615383,2.5
