seed,project,cohen_kappa_LoRA,cohen_kappa_Full-FT
42,Apache_Mesos,0.2932857543884495,0.3217469880749644
42,Appcelerator_Studio,0.050580889287084485,0.1098794928062673
42,Aptana_Studio,0.013638288860652326,0.01062501040851338
42,Atlassian_Confluence_Server,0.28269858541893367,0.20701118162586885
42,DotNetNuke_Platform,0.1664542075874822,0.1344783732410738
42,Hyperledger_Fabric,0.02104781514527576,0.0367567567567566
42,Hyperledger_Indy_Node,0.0994735212139981,0.14967451880297844
42,Hyperledger_Indy_SDK,0.18101806577796065,0.4659467419315253
42,Hyperledger_Sawtooth,0.21384239232649982,0.22133959198411268
42,Lyrasis_Dura_Cloud,0.32438356164383564,0.09954977488744376
42,MongoDB_Core_Server,0.15625,0.13973799126637554
42,Moodle,0.23746109495382417,0.21238969043283384
42,Mule,0.280057768684559,0.3391596486050894
42,Sonatype_Nexus,0.25769913080914175,0.24108783535464906
42,Spring_XD,0.3856717609570355,0.34372100281393303
42,The_MongoDB_Engineering,0.18269772423566488,0.17168235564725476
42,The_Titanium_SDK,0.06721549877136401,0.2023766582644837
42,Titanium_Mobile_Platform,-0.06642480127987094,0.02981504929493639
43,Apache_Mesos,0.2995708154506438,0.3394112064464917
43,Appcelerator_Studio,0.05924846211476431,0.11236059922282637
43,Aptana_Studio,0.01603193405487857,0.06100383432933787
43,Atlassian_Confluence_Server,0.23211169284467714,0.2081513828238719
43,DotNetNuke_Platform,0.1307438294061678,0.027473280350781115
43,Hyperledger_Fabric,0.059491778774289905,0.20309767674244328
43,Hyperledger_Indy_Node,0.04011461318051579,0.18061021539503208
43,Hyperledger_Indy_SDK,0.1954068896655018,0.3644620312794423
43,Hyperledger_Sawtooth,0.19099393520409758,0.21669428417417014
43,Lyrasis_Dura_Cloud,0.2749295774647885,0.21896343913218153
43,MongoDB_Core_Server,0.09661835748792269,0.10447761194029848
43,Moodle,0.2054787622428682,0.18272228457413653
43,Mule,0.24776311653261973,0.26570521403159786
43,Sonatype_Nexus,0.17634954753727172,0.23318626816321242
43,Spring_XD,0.3361084885417561,0.40358712424058774
43,The_MongoDB_Engineering,0.13866299400168514,0.1459909814750927
43,The_Titanium_SDK,0.060206464307681395,0.16015364672716847
43,Titanium_Mobile_Platform,-0.10115588231487105,0.1156683756408653
44,Apache_Mesos,0.2917951252422081,0.3141345277183243
44,Appcelerator_Studio,0.06139926737092927,0.10114549928802175
44,Aptana_Studio,0.023638018878471723,0.07763389185440817
44,Atlassian_Confluence_Server,0.2508833922261484,0.15775707045937548
44,DotNetNuke_Platform,0.1393323657474601,0.1496810841318873
44,Hyperledger_Fabric,0.05528413473900751,0.05730082935410907
44,Hyperledger_Indy_Node,0.18609680086497493,0.12003230331108938
44,Hyperledger_Indy_SDK,0.18875159778440564,0.4046261606124776
44,Hyperledger_Sawtooth,0.2228815023906907,0.1804362846708124
44,Lyrasis_Dura_Cloud,0.3104631217838765,0.1808552373479796
44,MongoDB_Core_Server,0.15458937198067635,0.31833910034602075
44,Moodle,0.20279615901288628,0.11141201878578033
44,Mule,0.2768543891979922,0.3751568520554781
44,Sonatype_Nexus,0.24215494451331543,0.2290064770273853
44,Spring_XD,0.38101521865784405,0.4349670376319048
44,The_MongoDB_Engineering,0.16147998614974113,0.1580812314865826
44,The_Titanium_SDK,0.06933397585788881,0.2016228002601702
44,Titanium_Mobile_Platform,-0.07242428485951802,0.07794114220472081
