seed,project,macro_f1_LoRA,macro_f1_Full-FT
42,Apache_Mesos,0.2141536739256531,0.28660689222869007
42,Appcelerator_Studio,0.0716955286262217,0.1625785168218415
42,Aptana_Studio,0.05127272727272727,0.10699409522938937
42,Atlassian_Confluence_Server,0.25233488820707256,0.21605636719769797
42,DotNetNuke_Platform,0.20160846813306765,0.2051094642996504
42,Hyperledger_Fabric,0.0903052503052503,0.13897488820089438
42,Hyperledger_Indy_Node,0.16696722408026757,0.20201669543165085
42,Hyperledger_Indy_SDK,0.20048951048951053,0.3222098992450881
42,Hyperledger_Sawtooth,0.19622371752284845,0.18769524746851557
42,Lyrasis_Dura_Cloud,0.2083174032293406,0.1882654440721801
42,MongoDB_Core_Server,0.18002699055330634,0.19449649630944596
42,Moodle,0.24054360079873832,0.1971586843447799
42,Mule,0.1973257970786589,0.2645090543003428
42,Sonatype_Nexus,0.26165751579819746,0.21951446082544895
42,Spring_XD,0.23136971113656943,0.29793820739104454
42,The_MongoDB_Engineering,0.16655069459679597,0.21153392058192128
42,The_Titanium_SDK,0.12436980136974032,0.20460431098992057
42,Titanium_Mobile_Platform,0.14802371541501974,0.15233685878874698
43,Apache_Mesos,0.19573044686992042,0.2660350226766155
43,Appcelerator_Studio,0.06711692865539018,0.18550135856256983
43,Aptana_Studio,0.07130393551446183,0.10418096671261227
43,Atlassian_Confluence_Server,0.2510769230769231,0.21737957347542386
43,DotNetNuke_Platform,0.19236193605925125,0.1803406312357719
43,Hyperledger_Fabric,0.09150973654066438,0.2055784015733953
43,Hyperledger_Indy_Node,0.17175283732660782,0.254837921301032
43,Hyperledger_Indy_SDK,0.2007474926729585,0.31266856919030833
43,Hyperledger_Sawtooth,0.20098521119752916,0.24356726556995376
43,Lyrasis_Dura_Cloud,0.1888174372165437,0.17516748455391284
43,MongoDB_Core_Server,0.16743357520076288,0.20818229046409606
43,Moodle,0.21555443438661168,0.15558024691358024
43,Mule,0.16612243901941162,0.27480700570131467
43,Sonatype_Nexus,0.17570596723537898,0.25852382998531886
43,Spring_XD,0.1653309152612749,0.29490403732932075
43,The_MongoDB_Engineering,0.16223626581509612,0.2075124270308207
43,The_Titanium_SDK,0.10532305238952396,0.20459329415963143
43,Titanium_Mobile_Platform,0.12166720313798292,0.16460728497092134
44,Apache_Mesos,0.22572423263938984,0.29712220033050823
44,Appcelerator_Studio,0.06763938828386405,0.1652330512323
44,Aptana_Studio,0.0623688155922039,0.12171524073963098
44,Atlassian_Confluence_Server,0.2116940919148503,0.17242273701595334
44,DotNetNuke_Platform,0.21074054049100557,0.1919991546635363
44,Hyperledger_Fabric,0.1047987117552335,0.14569724410727716
44,Hyperledger_Indy_Node,0.15932964638846991,0.2009650563189583
44,Hyperledger_Indy_SDK,0.18387883169462116,0.25150294866423895
44,Hyperledger_Sawtooth,0.20397122088218805,0.17672014994153842
44,Lyrasis_Dura_Cloud,0.22016079803469069,0.20536821902486144
44,MongoDB_Core_Server,0.17896588486140724,0.31879830120692415
44,Moodle,0.2292779646761985,0.22214153827057054
44,Mule,0.19467477813548828,0.27677310715888215
44,Sonatype_Nexus,0.2422832950253861,0.20382797891548193
44,Spring_XD,0.21080242555220607,0.2768735871968707
44,The_MongoDB_Engineering,0.15217798799982482,0.19400190125593
44,The_Titanium_SDK,0.11616263138959673,0.19128419943820407
44,Titanium_Mobile_Platform,0.13396769628653687,0.15331273005069795
