seed,project,cohen_kappa_Shared-head,cohen_kappa_P-head
42,Apache_Mesos,0.2932857543884495,0.35468473323581484
42,Appcelerator_Studio,0.050580889287084485,0.1563656030286642
42,Aptana_Studio,0.013638288860652326,0.08307617627682795
42,Atlassian_Confluence_Server,0.28269858541893367,0.02898550724637683
42,DotNetNuke_Platform,0.1664542075874822,0.2298485107277528
42,Hyperledger_Fabric,0.02104781514527576,0.09888823873610308
42,Hyperledger_Indy_Node,0.0994735212139981,0.2467704769220027
42,Hyperledger_Indy_SDK,0.18101806577796065,0.12124821343496905
42,Hyperledger_Sawtooth,0.21384239232649982,0.2744518354274452
42,Lyrasis_Dura_Cloud,0.32438356164383564,0.2765773552290406
42,MongoDB_Core_Server,0.15625,0.13407821229050276
42,Moodle,0.23746109495382417,0.05158493153715116
42,Mule,0.280057768684559,0.36941038482016775
42,Sonatype_Nexus,0.25769913080914175,0.1734686299529432
42,Spring_XD,0.3856717609570355,0.4440607069636886
42,The_MongoDB_Engineering,0.18269772423566488,0.18370552235842075
42,The_Titanium_SDK,0.06721549877136401,0.16958799823144666
42,Titanium_Mobile_Platform,-0.06642480127987094,0.1889311207935478
43,Apache_Mesos,0.2995708154506438,0.351779874368227
43,Appcelerator_Studio,0.05924846211476431,0.12120316791819297
43,Aptana_Studio,0.01603193405487857,0.019788257940327236
43,Atlassian_Confluence_Server,0.23211169284467714,0.0
43,DotNetNuke_Platform,0.1307438294061678,0.258150332538587
43,Hyperledger_Fabric,0.059491778774289905,0.19041188386225538
43,Hyperledger_Indy_Node,0.04011461318051579,0.13412862277280735
43,Hyperledger_Indy_SDK,0.1954068896655018,0.13158679954645824
43,Hyperledger_Sawtooth,0.19099393520409758,0.31047252258924596
43,Lyrasis_Dura_Cloud,0.2749295774647885,0.1979434447300772
43,MongoDB_Core_Server,0.09661835748792269,0.15642458100558654
43,Moodle,0.2054787622428682,0.060267591910454166
43,Mule,0.24776311653261973,0.3127376480647114
43,Sonatype_Nexus,0.17634954753727172,0.16791106686577084
43,Spring_XD,0.3361084885417561,0.4139120184214864
43,The_MongoDB_Engineering,0.13866299400168514,0.16849773322242512
43,The_Titanium_SDK,0.060206464307681395,0.1421813355040199
43,Titanium_Mobile_Platform,-0.10115588231487105,0.17494411507435126
44,Apache_Mesos,0.2917951252422081,0.34157104332903654
44,Appcelerator_Studio,0.06139926737092927,0.12605184390354096
44,Aptana_Studio,0.023638018878471723,0.07082152974504252
44,Atlassian_Confluence_Server,0.2508833922261484,0.02898550724637683
44,DotNetNuke_Platform,0.1393323657474601,0.24622902333954855
44,Hyperledger_Fabric,0.05528413473900751,0.05209003215434094
44,Hyperledger_Indy_Node,0.18609680086497493,0.19690103785996194
44,Hyperledger_Indy_SDK,0.18875159778440564,0.1727785613540198
44,Hyperledger_Sawtooth,0.2228815023906907,0.31351506045646427
44,Lyrasis_Dura_Cloud,0.3104631217838765,0.2702702702702703
44,MongoDB_Core_Server,0.15458937198067635,0.19318181818181823
44,Moodle,0.20279615901288628,0.0700269157330512
44,Mule,0.2768543891979922,0.3830859354610754
44,Sonatype_Nexus,0.24215494451331543,0.19005668911845452
44,Spring_XD,0.38101521865784405,0.42043200396730174
44,The_MongoDB_Engineering,0.16147998614974113,0.17040993903762724
44,The_Titanium_SDK,0.06933397585788881,0.17333666885129306
44,Titanium_Mobile_Platform,-0.07242428485951802,0.19288350872366278
