project,n_test,fed_acc,fed_macro_f1,fed_f1_sp1,fed_f1_sp2,fed_f1_sp3,fed_f1_sp5,fed_f1_sp8
Apache_Mesos,638,0.3323,0.2227,0.2657,0.2953,0.4618,0.0909,0.0
Appcelerator_Studio,619,0.4911,0.2366,0.0833,0.0,0.3077,0.6307,0.1613
Aptana_Studio,123,0.439,0.1789,0.0,0.0,0.0,0.604,0.2903
Atlassian_Confluence_Server,128,0.4531,0.1247,0.0,0.0,0.6237,0.0,0.0
DotNetNuke_Platform,501,0.505,0.2443,0.5792,0.4955,0.1471,0.0,0.0
Hyperledger_Fabric,110,0.4182,0.2383,0.4058,0.5,0.2857,0.0,0.0
Hyperledger_Indy_Node,134,0.3209,0.1591,0.0,0.1463,0.4586,0.1905,0.0
Hyperledger_Indy_SDK,136,0.2279,0.1453,0.0,0.2456,0.2992,0.1818,0.0
Hyperledger_Sawtooth,190,0.3579,0.2297,0.3736,0.375,0.4,0.0,0.0
Lyrasis_Dura_Cloud,126,0.5238,0.1999,0.6708,0.3288,0.0,0.0,0.0
MongoDB_Core_Server,142,0.3944,0.2142,0.3243,0.5067,0.24,0.0,0.0
Moodle,196,0.1378,0.0795,0.0,0.0,0.1538,0.2436,0.0
Mule,576,0.2517,0.2375,0.1477,0.3667,0.1648,0.2185,0.2899
Sonatype_Nexus,295,0.3525,0.1724,0.519,0.2708,0.0723,0.0,0.0
Spring_XD,637,0.281,0.2441,0.2667,0.2458,0.3383,0.2909,0.0789
The_MongoDB_Engineering,878,0.5706,0.231,0.5823,0.5727,0.0,0.0,0.0
The_Titanium_SDK,753,0.3758,0.1866,0.0,0.04,0.3929,0.5,0.0
Titanium_Mobile_Platform,208,0.1779,0.1351,0.3361,0.2162,0.1233,0.0,0.0
