seed,project,macro_f1_Shared-head,macro_f1_P-head
42,Apache_Mesos,0.2141536739256531,0.2419344804636078
42,Appcelerator_Studio,0.0716955286262217,0.2486606079693318
42,Aptana_Studio,0.05127272727272727,0.24875379939209727
42,Atlassian_Confluence_Server,0.25233488820707256,0.16576949620427883
42,DotNetNuke_Platform,0.20160846813306765,0.23957430351070214
42,Hyperledger_Fabric,0.0903052503052503,0.22078028891163784
42,Hyperledger_Indy_Node,0.16696722408026757,0.1807683000229584
42,Hyperledger_Indy_SDK,0.20048951048951053,0.14924812030075188
42,Hyperledger_Sawtooth,0.19622371752284845,0.25420986093552467
42,Lyrasis_Dura_Cloud,0.2083174032293406,0.24640612076095944
42,MongoDB_Core_Server,0.18002699055330634,0.21414492753623188
42,Moodle,0.24054360079873832,0.057571999448808045
42,Mule,0.1973257970786589,0.26502997922659066
42,Sonatype_Nexus,0.26165751579819746,0.17814602373941735
42,Spring_XD,0.23136971113656943,0.2644171447910605
42,The_MongoDB_Engineering,0.16655069459679597,0.23470391720684733
42,The_Titanium_SDK,0.12436980136974032,0.1978429322615369
42,Titanium_Mobile_Platform,0.14802371541501974,0.1409562069136537
43,Apache_Mesos,0.19573044686992042,0.22274270723086875
43,Appcelerator_Studio,0.06711692865539018,0.23659384598758892
43,Aptana_Studio,0.07130393551446183,0.17886988525654904
43,Atlassian_Confluence_Server,0.2510769230769231,0.12473118279569892
43,DotNetNuke_Platform,0.19236193605925125,0.24433600713012477
43,Hyperledger_Fabric,0.09150973654066438,0.2383022774327122
43,Hyperledger_Indy_Node,0.17175283732660782,0.15908327600109487
43,Hyperledger_Indy_SDK,0.2007474926729585,0.14532896306621962
43,Hyperledger_Sawtooth,0.20098521119752916,0.2297252747252747
43,Lyrasis_Dura_Cloud,0.1888174372165437,0.19991491534076405
43,MongoDB_Core_Server,0.16743357520076288,0.21419819819819824
43,Moodle,0.21555443438661168,0.0794871794871795
43,Mule,0.16612243901941162,0.23749082965809282
43,Sonatype_Nexus,0.17570596723537898,0.17243072636567028
43,Spring_XD,0.1653309152612749,0.2441400133061012
43,The_MongoDB_Engineering,0.16223626581509612,0.2310053497822083
43,The_Titanium_SDK,0.10532305238952396,0.1865854616895874
43,Titanium_Mobile_Platform,0.12166720313798292,0.1351276682461211
44,Apache_Mesos,0.22572423263938984,0.23505316597294318
44,Appcelerator_Studio,0.06763938828386405,0.2096828885275789
44,Aptana_Studio,0.0623688155922039,0.24781462585034014
44,Atlassian_Confluence_Server,0.2116940919148503,0.16576949620427883
44,DotNetNuke_Platform,0.21074054049100557,0.23689282432690142
44,Hyperledger_Fabric,0.1047987117552335,0.2199461569524835
44,Hyperledger_Indy_Node,0.15932964638846991,0.15253351799488332
44,Hyperledger_Indy_SDK,0.18387883169462116,0.1335957851029242
44,Hyperledger_Sawtooth,0.20397122088218805,0.24696969696969698
44,Lyrasis_Dura_Cloud,0.22016079803469069,0.21538461538461537
44,MongoDB_Core_Server,0.17896588486140724,0.25131685137823245
44,Moodle,0.2292779646761985,0.09052307825188029
44,Mule,0.19467477813548828,0.2529671350827015
44,Sonatype_Nexus,0.2422832950253861,0.17094157442218477
44,Spring_XD,0.21080242555220607,0.24821298206873124
44,The_MongoDB_Engineering,0.15217798799982482,0.23165136393878907
44,The_Titanium_SDK,0.11616263138959673,0.20196436939670734
44,Titanium_Mobile_Platform,0.13396769628653687,0.1783629007158419
