project,n_test,fed_acc,fed_macro_f1,fed_f1_sp1,fed_f1_sp2,fed_f1_sp3,fed_f1_sp5,fed_f1_sp8,cen_acc,cen_macro_f1,cen_f1_sp1,cen_f1_sp2,cen_f1_sp3,cen_f1_sp5,cen_f1_sp8,local_acc,local_macro_f1,local_f1_sp1,local_f1_sp2,local_f1_sp3,local_f1_sp5,local_f1_sp8,median_acc,median_macro_f1,svm_acc,svm_macro_f1
Apache_Mesos,638,0.2994,0.2142,0.2384,0.3195,0.3871,0.1258,0.0,0.3182,0.2437,0.2905,0.2849,0.4127,0.2304,0.0,0.3433,0.248,0.3195,0.3145,0.4565,0.1494,0.0,0.326,0.0983,0.3166,0.2892
Appcelerator_Studio,619,0.1309,0.0717,0.0,0.066,0.2857,0.0068,0.0,0.4362,0.2079,0.0,0.0351,0.324,0.5963,0.084,0.4733,0.2452,0.0,0.0,0.3846,0.5932,0.2483,0.4685,0.1276,0.433,0.2375
Aptana_Studio,123,0.0488,0.0513,0.0667,0.0533,0.1364,0.0,0.0,0.2439,0.1614,0.08,0.1,0.16,0.4182,0.0488,0.4472,0.2572,0.0,0.3333,0.0,0.5833,0.3692,0.4797,0.1297,0.3415,0.1475
Atlassian_Confluence_Server,128,0.4766,0.2523,0.087,0.4096,0.6222,0.1429,0.0,0.4062,0.2445,0.2,0.3956,0.5217,0.1053,0.0,0.4609,0.1365,0.0,0.0556,0.627,0.0,0.0,0.4531,0.1247,0.3906,0.3871
DotNetNuke_Platform,501,0.3293,0.2016,0.2238,0.4551,0.2115,0.1176,0.0,0.4072,0.2588,0.4375,0.4625,0.144,0.25,0.0,0.489,0.2428,0.536,0.5063,0.1714,0.0,0.0,0.4172,0.1177,0.4371,0.2101
Hyperledger_Fabric,110,0.1273,0.0903,0.0,0.0889,0.2857,0.0769,0.0,0.2182,0.1614,0.2,0.2,0.2895,0.1176,0.0,0.3545,0.204,0.4176,0.375,0.2273,0.0,0.0,0.4818,0.1301,0.4636,0.213
Hyperledger_Indy_Node,134,0.2761,0.167,0.0,0.1739,0.384,0.2769,0.0,0.3284,0.1865,0.0,0.1818,0.4812,0.2692,0.0,0.306,0.1844,0.0,0.1509,0.4234,0.3478,0.0,0.3582,0.1055,0.3507,0.2413
Hyperledger_Indy_SDK,136,0.2721,0.2005,0.0909,0.3077,0.3269,0.2769,0.0,0.25,0.1855,0.0909,0.2424,0.3,0.2941,0.0,0.2353,0.1516,0.0,0.2373,0.3065,0.2143,0.0,0.1912,0.0642,0.2868,0.2478
Hyperledger_Sawtooth,190,0.2684,0.1962,0.2169,0.2131,0.3636,0.1875,0.0,0.2421,0.1644,0.1026,0.2571,0.3411,0.1212,0.0,0.4,0.2581,0.4615,0.3881,0.4407,0.0,0.0,0.3053,0.0935,0.2632,0.1733
Lyrasis_Dura_Cloud,126,0.3413,0.2083,0.3836,0.3878,0.2703,0.0,0.0,0.3889,0.2321,0.5055,0.3529,0.3019,0.0,0.0,0.5238,0.1978,0.6875,0.3014,0.0,0.0,0.0,0.4444,0.1231,0.4683,0.1924
MongoDB_Core_Server,142,0.338,0.18,0.1053,0.4615,0.3333,0.0,0.0,0.3803,0.218,0.4,0.4593,0.2308,0.0,0.0,0.4225,0.2233,0.3951,0.5263,0.1951,0.0,0.0,0.3732,0.1087,0.3873,0.2109
Moodle,196,0.3367,0.2405,0.3359,0.2316,0.4478,0.1875,0.0,0.25,0.2025,0.2833,0.2642,0.2243,0.2407,0.0,0.1531,0.0944,0.0388,0.0,0.2136,0.2194,0.0,0.1122,0.0404,0.1071,0.1169
Mule,576,0.3229,0.1973,0.1457,0.5321,0.1838,0.125,0.0,0.283,0.2583,0.2632,0.41,0.1569,0.25,0.2114,0.3333,0.3113,0.3349,0.4484,0.2241,0.2159,0.3333,0.0955,0.0349,0.2604,0.2422
Sonatype_Nexus,295,0.3559,0.2617,0.1667,0.4327,0.3756,0.3333,0.0,0.3458,0.2316,0.4066,0.3433,0.331,0.0769,0.0,0.3458,0.1744,0.518,0.2653,0.0889,0.0,0.0,0.3254,0.0982,0.3661,0.1828
Spring_XD,637,0.3046,0.2314,0.3276,0.3971,0.3276,0.1046,0.0,0.3124,0.3023,0.3544,0.2315,0.3546,0.3318,0.2391,0.2951,0.2833,0.3274,0.231,0.3333,0.2954,0.2292,0.2104,0.0695,0.2732,0.2695
The_MongoDB_Engineering,878,0.4248,0.1666,0.1864,0.5956,0.0508,0.0,0.0,0.5011,0.2294,0.4953,0.5567,0.0952,0.0,0.0,0.582,0.2357,0.5878,0.5909,0.0,0.0,0.0,0.4351,0.1213,0.5831,0.2358
The_Titanium_SDK,753,0.166,0.1244,0.1575,0.1432,0.2934,0.0278,0.0,0.3506,0.2066,0.0385,0.1205,0.4057,0.453,0.0154,0.3718,0.2106,0.0215,0.1176,0.4263,0.4719,0.0156,0.3625,0.1064,0.34,0.2484
Titanium_Mobile_Platform,208,0.2067,0.148,0.25,0.2727,0.2174,0.0,0.0,0.1875,0.1462,0.2653,0.2991,0.1667,0.0,0.0,0.2212,0.154,0.4211,0.2,0.1489,0.0,0.0,0.1635,0.0562,0.3413,0.183
global,6390,0.2858,0.2,0.2093,0.3942,0.3066,0.0901,0.0,0.3546,0.3152,0.3624,0.3866,0.3292,0.4059,0.092,0.3966,0.3637,0.4512,0.4136,0.3653,0.4122,0.1764,,,,
