seed,project,condition,macro_f1
42,Apache_Mesos,Median,0.0983451536643026
42,Appcelerator_Studio,Median,0.1276127612761276
42,Aptana_Studio,Median,0.12967032967032968
42,Atlassian_Confluence_Server,Median,0.12473118279569892
42,DotNetNuke_Platform,Median,0.11774647887323944
42,Hyperledger_Fabric,Median,0.13006134969325153
42,Hyperledger_Indy_Node,Median,0.1054945054945055
42,Hyperledger_Indy_SDK,Median,0.06419753086419752
42,Hyperledger_Sawtooth,Median,0.09354838709677418
42,Lyrasis_Dura_Cloud,Median,0.12307692307692308
42,MongoDB_Core_Server,Median,0.10871794871794871
42,Moodle,Median,0.04036697247706422
42,Mule,Median,0.03486529318541997
42,Sonatype_Nexus,Median,0.09820971867007673
42,Spring_XD,Median,0.0695201037613489
42,The_MongoDB_Engineering,Median,0.12126984126984126
42,The_Titanium_SDK,Median,0.1064327485380117
42,Titanium_Mobile_Platform,Median,0.05619834710743802
42,Apache_Mesos,TF-IDF+SVM,0.28924291901963317
42,Appcelerator_Studio,TF-IDF+SVM,0.23752247752247752
42,Aptana_Studio,TF-IDF+SVM,0.147548143736351
42,Atlassian_Confluence_Server,TF-IDF+SVM,0.3870813249289334
42,DotNetNuke_Platform,TF-IDF+SVM,0.21011100251715228
42,Hyperledger_Fabric,TF-IDF+SVM,0.21297765617875059
42,Hyperledger_Indy_Node,TF-IDF+SVM,0.24129713423831073
42,Hyperledger_Indy_SDK,TF-IDF+SVM,0.24783683930235653
42,Hyperledger_Sawtooth,TF-IDF+SVM,0.17334422334422334
42,Lyrasis_Dura_Cloud,TF-IDF+SVM,0.1924199843871975
42,MongoDB_Core_Server,TF-IDF+SVM,0.21085822664770032
42,Moodle,TF-IDF+SVM,0.11687169600666665
42,Mule,TF-IDF+SVM,0.2421900552628362
42,Sonatype_Nexus,TF-IDF+SVM,0.18279312720036736
42,Spring_XD,TF-IDF+SVM,0.26947087283629545
42,The_MongoDB_Engineering,TF-IDF+SVM,0.23579970820953539
42,The_Titanium_SDK,TF-IDF+SVM,0.24840098855404658
42,Titanium_Mobile_Platform,TF-IDF+SVM,0.18301816833518725
42,Apache_Mesos,Local-only,0.2480027426105745
42,Appcelerator_Studio,Local-only,0.2452223171334802
42,Aptana_Studio,Local-only,0.2571794871794872
42,Atlassian_Confluence_Server,Local-only,0.13651651651651653
42,DotNetNuke_Platform,Local-only,0.24275874427773164
42,Hyperledger_Fabric,Local-only,0.20397102897102898
42,Hyperledger_Indy_Node,Local-only,0.1844254294833027
42,Hyperledger_Indy_SDK,Local-only,0.1516050925564321
42,Hyperledger_Sawtooth,Local-only,0.2580552258265388
42,Lyrasis_Dura_Cloud,Local-only,0.1977739726027397
42,MongoDB_Core_Server,Local-only,0.22329989381765164
42,Moodle,Local-only,0.09435640463513936
42,Mule,Local-only,0.31133426106900025
42,Sonatype_Nexus,Local-only,0.17443612456973195
42,Spring_XD,Local-only,0.28326784190311116
42,The_MongoDB_Engineering,Local-only,0.2357462209921226
42,The_Titanium_SDK,Local-only,0.2105991178827432
42,Titanium_Mobile_Platform,Local-only,0.15399776035834264
42,Apache_Mesos,Centralized,0.24369677985168345
42,Appcelerator_Studio,Centralized,0.20789041006121867
42,Aptana_Studio,Centralized,0.16139246119733924
42,Atlassian_Confluence_Server,Centralized,0.24452133678678303
42,DotNetNuke_Platform,Centralized,0.2588053533190578
42,Hyperledger_Fabric,Centralized,0.16142414860681115
42,Hyperledger_Indy_Node,Centralized,0.1864503917135496
42,Hyperledger_Indy_SDK,Centralized,0.18549019607843137
42,Hyperledger_Sawtooth,Centralized,0.16440087044738208
42,Lyrasis_Dura_Cloud,Centralized,0.23206449488358477
42,MongoDB_Core_Server,Centralized,0.218005698005698
42,Moodle,Centralized,0.20250481657817226
42,Mule,Centralized,0.25828055073120393
42,Sonatype_Nexus,Centralized,0.23157972115201653
42,Spring_XD,Centralized,0.3022871104258241
42,The_MongoDB_Engineering,Centralized,0.2294315261798749
42,The_Titanium_SDK,Centralized,0.20659451798972986
42,Titanium_Mobile_Platform,Centralized,0.14620764193527877
42,Apache_Mesos,FedAvg,0.21491905813097864
42,Appcelerator_Studio,FedAvg,0.07165210323105059
42,Aptana_Studio,FedAvg,0.05081081081081081
42,Atlassian_Confluence_Server,FedAvg,0.23396825396825394
42,DotNetNuke_Platform,FedAvg,0.19857874544245746
42,Hyperledger_Fabric,FedAvg,0.0903052503052503
42,Hyperledger_Indy_Node,FedAvg,0.17280802414042246
42,Hyperledger_Indy_SDK,FedAvg,0.1882828282828283
42,Hyperledger_Sawtooth,FedAvg,0.19073825015448365
42,Lyrasis_Dura_Cloud,FedAvg,0.2083174032293406
42,MongoDB_Core_Server,FedAvg,0.18465658817771496
42,Moodle,FedAvg,0.23985721683463113
42,Mule,FedAvg,0.19744941952940437
42,Sonatype_Nexus,FedAvg,0.2636529226693161
42,Spring_XD,FedAvg,0.22196269761129148
42,The_MongoDB_Engineering,FedAvg,0.16326352294897117
42,The_Titanium_SDK,FedAvg,0.12156829011174361
42,Titanium_Mobile_Platform,FedAvg,0.14814959234314073
42,Apache_Mesos,FedProx,0.2141536739256531
42,Appcelerator_Studio,FedProx,0.0716955286262217
42,Aptana_Studio,FedProx,0.05127272727272727
42,Atlassian_Confluence_Server,FedProx,0.25233488820707256
42,DotNetNuke_Platform,FedProx,0.20160846813306765
42,Hyperledger_Fabric,FedProx,0.0903052503052503
42,Hyperledger_Indy_Node,FedProx,0.16696722408026757
42,Hyperledger_Indy_SDK,FedProx,0.20048951048951053
42,Hyperledger_Sawtooth,FedProx,0.19622371752284845
42,Lyrasis_Dura_Cloud,FedProx,0.2083174032293406
42,MongoDB_Core_Server,FedProx,0.18002699055330634
42,Moodle,FedProx,0.24054360079873832
42,Mule,FedProx,0.1973257970786589
42,Sonatype_Nexus,FedProx,0.26165751579819746
42,Spring_XD,FedProx,0.23136971113656943
42,The_MongoDB_Engineering,FedProx,0.16655069459679597
42,The_Titanium_SDK,FedProx,0.12436980136974032
42,Titanium_Mobile_Platform,FedProx,0.14802371541501974
43,Apache_Mesos,Median,0.0983451536643026
43,Appcelerator_Studio,Median,0.1276127612761276
43,Aptana_Studio,Median,0.12967032967032968
43,Atlassian_Confluence_Server,Median,0.12473118279569892
43,DotNetNuke_Platform,Median,0.11774647887323944
43,Hyperledger_Fabric,Median,0.13006134969325153
43,Hyperledger_Indy_Node,Median,0.1054945054945055
43,Hyperledger_Indy_SDK,Median,0.06419753086419752
43,Hyperledger_Sawtooth,Median,0.09354838709677418
43,Lyrasis_Dura_Cloud,Median,0.12307692307692308
43,MongoDB_Core_Server,Median,0.10871794871794871
43,Moodle,Median,0.04036697247706422
43,Mule,Median,0.03486529318541997
43,Sonatype_Nexus,Median,0.09820971867007673
43,Spring_XD,Median,0.0695201037613489
43,The_MongoDB_Engineering,Median,0.12126984126984126
43,The_Titanium_SDK,Median,0.1064327485380117
43,Titanium_Mobile_Platform,Median,0.05619834710743802
43,Apache_Mesos,TF-IDF+SVM,0.28924291901963317
43,Appcelerator_Studio,TF-IDF+SVM,0.23752247752247752
43,Aptana_Studio,TF-IDF+SVM,0.147548143736351
43,Atlassian_Confluence_Server,TF-IDF+SVM,0.3870813249289334
43,DotNetNuke_Platform,TF-IDF+SVM,0.21011100251715228
43,Hyperledger_Fabric,TF-IDF+SVM,0.21297765617875059
43,Hyperledger_Indy_Node,TF-IDF+SVM,0.24129713423831073
43,Hyperledger_Indy_SDK,TF-IDF+SVM,0.24783683930235653
43,Hyperledger_Sawtooth,TF-IDF+SVM,0.17334422334422334
43,Lyrasis_Dura_Cloud,TF-IDF+SVM,0.1924199843871975
43,MongoDB_Core_Server,TF-IDF+SVM,0.21085822664770032
43,Moodle,TF-IDF+SVM,0.11687169600666665
43,Mule,TF-IDF+SVM,0.2421900552628362
43,Sonatype_Nexus,TF-IDF+SVM,0.18279312720036736
43,Spring_XD,TF-IDF+SVM,0.26947087283629545
43,The_MongoDB_Engineering,TF-IDF+SVM,0.23579970820953539
43,The_Titanium_SDK,TF-IDF+SVM,0.24840098855404658
43,Titanium_Mobile_Platform,TF-IDF+SVM,0.18301816833518725
43,Apache_Mesos,Local-only,0.2449922899801403
43,Appcelerator_Studio,Local-only,0.2529401184680688
43,Aptana_Studio,Local-only,0.16744366744366745
43,Atlassian_Confluence_Server,Local-only,0.12473118279569892
43,DotNetNuke_Platform,Local-only,0.23878100933539628
43,Hyperledger_Fabric,Local-only,0.20751792808130834
43,Hyperledger_Indy_Node,Local-only,0.18950707934442482
43,Hyperledger_Indy_SDK,Local-only,0.16276204281891168
43,Hyperledger_Sawtooth,Local-only,0.24255022714303714
43,Lyrasis_Dura_Cloud,Local-only,0.1973333333333333
43,MongoDB_Core_Server,Local-only,0.23507647520557237
43,Moodle,Local-only,0.0911976911976912
43,Mule,Local-only,0.2945861339513225
43,Sonatype_Nexus,Local-only,0.17896678034609068
43,Spring_XD,Local-only,0.28734110167564
43,The_MongoDB_Engineering,Local-only,0.235546702436125
43,The_Titanium_SDK,Local-only,0.20433466693292218
43,Titanium_Mobile_Platform,Local-only,0.14499864251638678
43,Apache_Mesos,Centralized,0.2541189711912798
43,Appcelerator_Studio,Centralized,0.1923002246336471
43,Aptana_Studio,Centralized,0.15789473684210525
43,Atlassian_Confluence_Server,Centralized,0.23576793576793578
43,DotNetNuke_Platform,Centralized,0.2716060151317301
43,Hyperledger_Fabric,Centralized,0.21026819307822525
43,Hyperledger_Indy_Node,Centralized,0.1489735920443797
43,Hyperledger_Indy_SDK,Centralized,0.22436901198962472
43,Hyperledger_Sawtooth,Centralized,0.20302471721826562
43,Lyrasis_Dura_Cloud,Centralized,0.24478383275832064
43,MongoDB_Core_Server,Centralized,0.23088578088578088
43,Moodle,Centralized,0.22206609221721987
43,Mule,Centralized,0.27788228248539804
43,Sonatype_Nexus,Centralized,0.21693270735524256
43,Spring_XD,Centralized,0.30277187655170845
43,The_MongoDB_Engineering,Centralized,0.22706421501675744
43,The_Titanium_SDK,Centralized,0.1833098434617422
43,Titanium_Mobile_Platform,Centralized,0.1444
43,Apache_Mesos,FedAvg,0.19920019896150928
43,Appcelerator_Studio,FedAvg,0.06646363971945367
43,Aptana_Studio,FedAvg,0.06521404521404521
43,Atlassian_Confluence_Server,FedAvg,0.2510769230769231
43,DotNetNuke_Platform,FedAvg,0.1956332243678816
43,Hyperledger_Fabric,FedAvg,0.09158730158730158
43,Hyperledger_Indy_Node,FedAvg,0.16242424242424242
43,Hyperledger_Indy_SDK,FedAvg,0.19461492958387366
43,Hyperledger_Sawtooth,FedAvg,0.1894665033612699
43,Lyrasis_Dura_Cloud,FedAvg,0.18501609599063507
43,MongoDB_Core_Server,FedAvg,0.1685899450117832
43,Moodle,FedAvg,0.21030888433667982
43,Mule,FedAvg,0.1670770943982247
43,Sonatype_Nexus,FedAvg,0.17185914017597187
43,Spring_XD,FedAvg,0.1693456857045496
43,The_MongoDB_Engineering,FedAvg,0.16140657993324706
43,The_Titanium_SDK,FedAvg,0.10451049830020982
43,Titanium_Mobile_Platform,FedAvg,0.12428917120387176
43,Apache_Mesos,FedProx,0.19573044686992042
43,Appcelerator_Studio,FedProx,0.06711692865539018
43,Aptana_Studio,FedProx,0.07130393551446183
43,Atlassian_Confluence_Server,FedProx,0.2510769230769231
43,DotNetNuke_Platform,FedProx,0.19236193605925125
43,Hyperledger_Fabric,FedProx,0.09150973654066438
43,Hyperledger_Indy_Node,FedProx,0.17175283732660782
43,Hyperledger_Indy_SDK,FedProx,0.2007474926729585
43,Hyperledger_Sawtooth,FedProx,0.20098521119752916
43,Lyrasis_Dura_Cloud,FedProx,0.1888174372165437
43,MongoDB_Core_Server,FedProx,0.16743357520076288
43,Moodle,FedProx,0.21555443438661168
43,Mule,FedProx,0.16612243901941162
43,Sonatype_Nexus,FedProx,0.17570596723537898
43,Spring_XD,FedProx,0.1653309152612749
43,The_MongoDB_Engineering,FedProx,0.16223626581509612
43,The_Titanium_SDK,FedProx,0.10532305238952396
43,Titanium_Mobile_Platform,FedProx,0.12166720313798292
44,Apache_Mesos,Median,0.0983451536643026
44,Appcelerator_Studio,Median,0.1276127612761276
44,Aptana_Studio,Median,0.12967032967032968
44,Atlassian_Confluence_Server,Median,0.12473118279569892
44,DotNetNuke_Platform,Median,0.11774647887323944
44,Hyperledger_Fabric,Median,0.13006134969325153
44,Hyperledger_Indy_Node,Median,0.1054945054945055
44,Hyperledger_Indy_SDK,Median,0.06419753086419752
44,Hyperledger_Sawtooth,Median,0.09354838709677418
44,Lyrasis_Dura_Cloud,Median,0.12307692307692308
44,MongoDB_Core_Server,Median,0.10871794871794871
44,Moodle,Median,0.04036697247706422
44,Mule,Median,0.03486529318541997
44,Sonatype_Nexus,Median,0.09820971867007673
44,Spring_XD,Median,0.0695201037613489
44,The_MongoDB_Engineering,Median,0.12126984126984126
44,The_Titanium_SDK,Median,0.1064327485380117
44,Titanium_Mobile_Platform,Median,0.05619834710743802
44,Apache_Mesos,TF-IDF+SVM,0.28924291901963317
44,Appcelerator_Studio,TF-IDF+SVM,0.23752247752247752
44,Aptana_Studio,TF-IDF+SVM,0.147548143736351
44,Atlassian_Confluence_Server,TF-IDF+SVM,0.3870813249289334
44,DotNetNuke_Platform,TF-IDF+SVM,0.21011100251715228
44,Hyperledger_Fabric,TF-IDF+SVM,0.21297765617875059
44,Hyperledger_Indy_Node,TF-IDF+SVM,0.24129713423831073
44,Hyperledger_Indy_SDK,TF-IDF+SVM,0.24783683930235653
44,Hyperledger_Sawtooth,TF-IDF+SVM,0.17334422334422334
44,Lyrasis_Dura_Cloud,TF-IDF+SVM,0.1924199843871975
44,MongoDB_Core_Server,TF-IDF+SVM,0.21085822664770032
44,Moodle,TF-IDF+SVM,0.11687169600666665
44,Mule,TF-IDF+SVM,0.2421900552628362
44,Sonatype_Nexus,TF-IDF+SVM,0.18279312720036736
44,Spring_XD,TF-IDF+SVM,0.26947087283629545
44,The_MongoDB_Engineering,TF-IDF+SVM,0.23579970820953539
44,The_Titanium_SDK,TF-IDF+SVM,0.24840098855404658
44,Titanium_Mobile_Platform,TF-IDF+SVM,0.18301816833518725
44,Apache_Mesos,Local-only,0.24907379594960846
44,Appcelerator_Studio,Local-only,0.23633614705733122
44,Aptana_Studio,Local-only,0.17918279569892476
44,Atlassian_Confluence_Server,Local-only,0.12473118279569892
44,DotNetNuke_Platform,Local-only,0.2347730429393656
44,Hyperledger_Fabric,Local-only,0.23275783040488923
44,Hyperledger_Indy_Node,Local-only,0.1537738071678305
44,Hyperledger_Indy_SDK,Local-only,0.14576244973708627
44,Hyperledger_Sawtooth,Local-only,0.25399918530017285
44,Lyrasis_Dura_Cloud,Local-only,0.19991491534076405
44,MongoDB_Core_Server,Local-only,0.24354255151801163
44,Moodle,Local-only,0.09042950513538749
44,Mule,Local-only,0.2881334934563716
44,Sonatype_Nexus,Local-only,0.1675737684022688
44,Spring_XD,Local-only,0.2820556766799503
44,The_MongoDB_Engineering,Local-only,0.23869689515324782
44,The_Titanium_SDK,Local-only,0.21621846865280733
44,Titanium_Mobile_Platform,Local-only,0.16178095440518145
44,Apache_Mesos,Centralized,0.22618707404249885
44,Appcelerator_Studio,Centralized,0.22880640827262816
44,Aptana_Studio,Centralized,0.16780580213074492
44,Atlassian_Confluence_Server,Centralized,0.2293335052266306
44,DotNetNuke_Platform,Centralized,0.25199711967431404
44,Hyperledger_Fabric,Centralized,0.2142622718279891
44,Hyperledger_Indy_Node,Centralized,0.16429371300591905
44,Hyperledger_Indy_SDK,Centralized,0.18770938173975557
44,Hyperledger_Sawtooth,Centralized,0.1460318139517897
44,Lyrasis_Dura_Cloud,Centralized,0.21426767676767677
44,MongoDB_Core_Server,Centralized,0.21247521562407057
44,Moodle,Centralized,0.15469978213507624
44,Mule,Centralized,0.26653096430607776
44,Sonatype_Nexus,Centralized,0.2222981662136494
44,Spring_XD,Centralized,0.2750737727344045
44,The_MongoDB_Engineering,Centralized,0.2191836940332581
44,The_Titanium_SDK,Centralized,0.19806221399781881
44,Titanium_Mobile_Platform,Centralized,0.15628643119088975
44,Apache_Mesos,FedAvg,0.22152456111829943
44,Appcelerator_Studio,FedAvg,0.06696199280945044
44,Aptana_Studio,FedAvg,0.061899932386747805
44,Atlassian_Confluence_Server,FedAvg,0.21160953914577102
44,DotNetNuke_Platform,FedAvg,0.20835467072021166
44,Hyperledger_Fabric,FedAvg,0.11177617924605876
44,Hyperledger_Indy_Node,FedAvg,0.16270184841613414
44,Hyperledger_Indy_SDK,FedAvg,0.2038732314657612
44,Hyperledger_Sawtooth,FedAvg,0.20437282656025388
44,Lyrasis_Dura_Cloud,FedAvg,0.22441968989914196
44,MongoDB_Core_Server,FedAvg,0.18461321287408244
44,Moodle,FedAvg,0.22593162285972418
44,Mule,FedAvg,0.19278921942537502
44,Sonatype_Nexus,FedAvg,0.23770618854829378
44,Spring_XD,FedAvg,0.20228141168171065
44,The_MongoDB_Engineering,FedAvg,0.15622903304274177
44,The_Titanium_SDK,FedAvg,0.11326306157610506
44,Titanium_Mobile_Platform,FedAvg,0.13535855075080497
44,Apache_Mesos,FedProx,0.22572423263938984
44,Appcelerator_Studio,FedProx,0.06763938828386405
44,Aptana_Studio,FedProx,0.0623688155922039
44,Atlassian_Confluence_Server,FedProx,0.2116940919148503
44,DotNetNuke_Platform,FedProx,0.21074054049100557
44,Hyperledger_Fabric,FedProx,0.1047987117552335
44,Hyperledger_Indy_Node,FedProx,0.15932964638846991
44,Hyperledger_Indy_SDK,FedProx,0.18387883169462116
44,Hyperledger_Sawtooth,FedProx,0.20397122088218805
44,Lyrasis_Dura_Cloud,FedProx,0.22016079803469069
44,MongoDB_Core_Server,FedProx,0.17896588486140724
44,Moodle,FedProx,0.2292779646761985
44,Mule,FedProx,0.19467477813548828
44,Sonatype_Nexus,FedProx,0.2422832950253861
44,Spring_XD,FedProx,0.21080242555220607
44,The_MongoDB_Engineering,FedProx,0.15217798799982482
44,The_Titanium_SDK,FedProx,0.11616263138959673
44,Titanium_Mobile_Platform,FedProx,0.13396769628653687
