seed,project,mae_LoRA,mae_Full-FT
42,Apache_Mesos,1.3213166144200628,1.4247648902821317
42,Appcelerator_Studio,2.379644588045234,2.1938610662358644
42,Aptana_Studio,3.2764227642276422,3.024390243902439
42,Atlassian_Confluence_Server,0.734375,1.1015625
42,DotNetNuke_Platform,0.8562874251497006,1.0518962075848304
42,Hyperledger_Fabric,2.0454545454545454,2.1454545454545455
42,Hyperledger_Indy_Node,1.544776119402985,1.8432835820895523
42,Hyperledger_Indy_SDK,1.713235294117647,1.5294117647058822
42,Hyperledger_Sawtooth,1.0736842105263158,1.7578947368421052
42,Lyrasis_Dura_Cloud,0.8571428571428571,1.0873015873015872
42,MongoDB_Core_Server,0.9295774647887324,1.0492957746478873
42,Moodle,1.0765306122448979,1.6020408163265305
42,Mule,1.6024305555555556,1.6666666666666667
42,Sonatype_Nexus,0.9322033898305084,1.2677966101694915
42,Spring_XD,1.444270015698587,1.6122448979591837
42,The_MongoDB_Engineering,0.7129840546697038,0.9236902050113895
42,The_Titanium_SDK,2.199203187250996,1.8844621513944224
42,Titanium_Mobile_Platform,2.6634615384615383,2.6586538461538463
43,Apache_Mesos,1.293103448275862,1.4764890282131662
43,Appcelerator_Studio,2.35702746365105,2.1292407108239093
43,Aptana_Studio,3.154471544715447,2.845528455284553
43,Atlassian_Confluence_Server,0.75,1.0234375
43,DotNetNuke_Platform,0.8562874251497006,1.2994011976047903
43,Hyperledger_Fabric,1.5909090909090908,1.709090909090909
43,Hyperledger_Indy_Node,1.5597014925373134,1.9328358208955223
43,Hyperledger_Indy_SDK,1.661764705882353,1.7720588235294117
43,Hyperledger_Sawtooth,1.0842105263157895,1.5526315789473684
43,Lyrasis_Dura_Cloud,0.873015873015873,1.2619047619047619
43,MongoDB_Core_Server,1.0140845070422535,1.2253521126760563
43,Moodle,1.1275510204081634,1.8112244897959184
43,Mule,1.6527777777777777,1.7013888888888888
43,Sonatype_Nexus,1.0,1.2779661016949153
43,Spring_XD,1.4866562009419153,1.6718995290423861
43,The_MongoDB_Engineering,0.7517084282460137,1.0364464692482915
43,The_Titanium_SDK,2.146082337317397,1.9681274900398407
43,Titanium_Mobile_Platform,2.6923076923076925,2.5961538461538463
44,Apache_Mesos,1.2993730407523512,1.4921630094043887
44,Appcelerator_Studio,2.382875605815832,2.009693053311793
44,Aptana_Studio,3.1463414634146343,2.8536585365853657
44,Atlassian_Confluence_Server,0.7734375,1.09375
44,DotNetNuke_Platform,0.8902195608782435,1.1616766467065869
44,Hyperledger_Fabric,1.8,1.8818181818181818
44,Hyperledger_Indy_Node,1.455223880597015,2.1492537313432836
44,Hyperledger_Indy_SDK,1.7205882352941178,1.661764705882353
44,Hyperledger_Sawtooth,1.1421052631578947,1.6631578947368422
44,Lyrasis_Dura_Cloud,0.8174603174603174,1.2619047619047619
44,MongoDB_Core_Server,0.9788732394366197,1.0704225352112675
44,Moodle,1.1275510204081634,1.6428571428571428
44,Mule,1.5989583333333333,1.6371527777777777
44,Sonatype_Nexus,0.9491525423728814,1.2610169491525425
44,Spring_XD,1.4427001569858713,1.6043956043956045
44,The_MongoDB_Engineering,0.7813211845102506,0.9931662870159453
44,The_Titanium_SDK,2.233731739707835,1.8366533864541832
44,Titanium_Mobile_Platform,2.6634615384615383,2.6778846153846154
