seed,project,condition,cohen_kappa
42,Apache_Mesos,Median,0.0
42,Appcelerator_Studio,Median,0.0
42,Aptana_Studio,Median,0.0
42,Atlassian_Confluence_Server,Median,0.0
42,DotNetNuke_Platform,Median,0.0
42,Hyperledger_Fabric,Median,0.0
42,Hyperledger_Indy_Node,Median,0.0
42,Hyperledger_Indy_SDK,Median,0.0
42,Hyperledger_Sawtooth,Median,0.0
42,Lyrasis_Dura_Cloud,Median,0.0
42,MongoDB_Core_Server,Median,0.0
42,Moodle,Median,0.0
42,Mule,Median,0.0
42,Sonatype_Nexus,Median,0.0
42,Spring_XD,Median,0.0
42,The_MongoDB_Engineering,Median,0.0
42,The_Titanium_SDK,Median,0.0
42,Titanium_Mobile_Platform,Median,0.0
42,Apache_Mesos,TF-IDF+SVM,0.25260088728523844
42,Appcelerator_Studio,TF-IDF+SVM,0.11886870565817298
42,Aptana_Studio,TF-IDF+SVM,-0.037591461368060575
42,Atlassian_Confluence_Server,TF-IDF+SVM,0.14090191261624851
42,DotNetNuke_Platform,TF-IDF+SVM,0.09606738093763545
42,Hyperledger_Fabric,TF-IDF+SVM,0.3260393873085339
42,Hyperledger_Indy_Node,TF-IDF+SVM,0.12767744645107104
42,Hyperledger_Indy_SDK,TF-IDF+SVM,0.14102835827222238
42,Hyperledger_Sawtooth,TF-IDF+SVM,0.0847324650870862
42,Lyrasis_Dura_Cloud,TF-IDF+SVM,0.17470355731225284
42,MongoDB_Core_Server,TF-IDF+SVM,0.18884120171673824
42,Moodle,TF-IDF+SVM,0.018150739991707243
42,Mule,TF-IDF+SVM,0.24216115235239177
42,Sonatype_Nexus,TF-IDF+SVM,0.09923923106559407
42,Spring_XD,TF-IDF+SVM,0.27955642279556414
42,The_MongoDB_Engineering,TF-IDF+SVM,0.14021901570818374
42,The_Titanium_SDK,TF-IDF+SVM,0.11190055310002378
42,Titanium_Mobile_Platform,TF-IDF+SVM,0.2973767526006331
42,Apache_Mesos,Local-only,0.3978484623795101
42,Appcelerator_Studio,Local-only,0.14734837742575857
42,Aptana_Studio,Local-only,0.1075197889182058
42,Atlassian_Confluence_Server,Local-only,0.007580978635423841
42,DotNetNuke_Platform,Local-only,0.2215554983260365
42,Hyperledger_Fabric,Local-only,0.04376899696048642
42,Hyperledger_Indy_Node,Local-only,0.2911704038858207
42,Hyperledger_Indy_SDK,Local-only,0.17063398538769736
42,Hyperledger_Sawtooth,Local-only,0.30379317364456804
42,Lyrasis_Dura_Cloud,Local-only,0.25063721325403565
42,MongoDB_Core_Server,Local-only,0.192090395480226
42,Moodle,Local-only,0.05295935289134934
42,Mule,Local-only,0.4218926881930023
42,Sonatype_Nexus,Local-only,0.18266678750372223
42,Spring_XD,Local-only,0.4652731267274076
42,The_MongoDB_Engineering,Local-only,0.18189599442375826
42,The_Titanium_SDK,Local-only,0.2257451124006986
42,Titanium_Mobile_Platform,Local-only,0.02826469474575144
42,Apache_Mesos,Centralized,0.3438951555435863
42,Appcelerator_Studio,Centralized,0.10758472511761275
42,Aptana_Studio,Centralized,0.07780371733860103
42,Atlassian_Confluence_Server,Centralized,0.22676579925650553
42,DotNetNuke_Platform,Centralized,0.20909507562254936
42,Hyperledger_Fabric,Centralized,0.035906135142776185
42,Hyperledger_Indy_Node,Centralized,0.08908929425428702
42,Hyperledger_Indy_SDK,Centralized,0.2536206108033944
42,Hyperledger_Sawtooth,Centralized,0.12730066363725534
42,Lyrasis_Dura_Cloud,Centralized,0.3179190751445087
42,MongoDB_Core_Server,Centralized,0.21999999999999997
42,Moodle,Centralized,0.21042124176482335
42,Mule,Centralized,0.3830795269029488
42,Sonatype_Nexus,Centralized,0.25758443875515846
42,Spring_XD,Centralized,0.45074469814743434
42,The_MongoDB_Engineering,Centralized,0.14748943442148954
42,The_Titanium_SDK,Centralized,0.1532776186197894
42,Titanium_Mobile_Platform,Centralized,0.09787555947803062
42,Apache_Mesos,FedAvg,0.30485610372781324
42,Appcelerator_Studio,FedAvg,0.05104695556342742
42,Aptana_Studio,FedAvg,0.014269301144664737
42,Atlassian_Confluence_Server,FedAvg,0.2653421633554084
42,DotNetNuke_Platform,FedAvg,0.16168538725813053
42,Hyperledger_Fabric,FedAvg,0.02104781514527576
42,Hyperledger_Indy_Node,FedAvg,0.10798816568047342
42,Hyperledger_Indy_SDK,FedAvg,0.18025662251655628
42,Hyperledger_Sawtooth,FedAvg,0.21668377983135756
42,Lyrasis_Dura_Cloud,FedAvg,0.32438356164383564
42,MongoDB_Core_Server,FedAvg,0.1658031088082902
42,Moodle,FedAvg,0.24974395739451039
42,Mule,FedAvg,0.2798230257184563
42,Sonatype_Nexus,FedAvg,0.2611885002963841
42,Spring_XD,FedAvg,0.3810632494467603
42,The_MongoDB_Engineering,FedAvg,0.18842172983871963
42,The_Titanium_SDK,FedAvg,0.0640608873777353
42,Titanium_Mobile_Platform,FedAvg,-0.06159848961611081
42,Apache_Mesos,FedProx,0.2932857543884495
42,Appcelerator_Studio,FedProx,0.050580889287084485
42,Aptana_Studio,FedProx,0.013638288860652326
42,Atlassian_Confluence_Server,FedProx,0.28269858541893367
42,DotNetNuke_Platform,FedProx,0.1664542075874822
42,Hyperledger_Fabric,FedProx,0.02104781514527576
42,Hyperledger_Indy_Node,FedProx,0.0994735212139981
42,Hyperledger_Indy_SDK,FedProx,0.18101806577796065
42,Hyperledger_Sawtooth,FedProx,0.21384239232649982
42,Lyrasis_Dura_Cloud,FedProx,0.32438356164383564
42,MongoDB_Core_Server,FedProx,0.15625
42,Moodle,FedProx,0.23746109495382417
42,Mule,FedProx,0.280057768684559
42,Sonatype_Nexus,FedProx,0.25769913080914175
42,Spring_XD,FedProx,0.3856717609570355
42,The_MongoDB_Engineering,FedProx,0.18269772423566488
42,The_Titanium_SDK,FedProx,0.06721549877136401
42,Titanium_Mobile_Platform,FedProx,-0.06642480127987094
43,Apache_Mesos,Median,0.0
43,Appcelerator_Studio,Median,0.0
43,Aptana_Studio,Median,0.0
43,Atlassian_Confluence_Server,Median,0.0
43,DotNetNuke_Platform,Median,0.0
43,Hyperledger_Fabric,Median,0.0
43,Hyperledger_Indy_Node,Median,0.0
43,Hyperledger_Indy_SDK,Median,0.0
43,Hyperledger_Sawtooth,Median,0.0
43,Lyrasis_Dura_Cloud,Median,0.0
43,MongoDB_Core_Server,Median,0.0
43,Moodle,Median,0.0
43,Mule,Median,0.0
43,Sonatype_Nexus,Median,0.0
43,Spring_XD,Median,0.0
43,The_MongoDB_Engineering,Median,0.0
43,The_Titanium_SDK,Median,0.0
43,Titanium_Mobile_Platform,Median,0.0
43,Apache_Mesos,TF-IDF+SVM,0.25260088728523844
43,Appcelerator_Studio,TF-IDF+SVM,0.11886870565817298
43,Aptana_Studio,TF-IDF+SVM,-0.037591461368060575
43,Atlassian_Confluence_Server,TF-IDF+SVM,0.14090191261624851
43,DotNetNuke_Platform,TF-IDF+SVM,0.09606738093763545
43,Hyperledger_Fabric,TF-IDF+SVM,0.3260393873085339
43,Hyperledger_Indy_Node,TF-IDF+SVM,0.12767744645107104
43,Hyperledger_Indy_SDK,TF-IDF+SVM,0.14102835827222238
43,Hyperledger_Sawtooth,TF-IDF+SVM,0.0847324650870862
43,Lyrasis_Dura_Cloud,TF-IDF+SVM,0.17470355731225284
43,MongoDB_Core_Server,TF-IDF+SVM,0.18884120171673824
43,Moodle,TF-IDF+SVM,0.018150739991707243
43,Mule,TF-IDF+SVM,0.24216115235239177
43,Sonatype_Nexus,TF-IDF+SVM,0.09923923106559407
43,Spring_XD,TF-IDF+SVM,0.27955642279556414
43,The_MongoDB_Engineering,TF-IDF+SVM,0.14021901570818374
43,The_Titanium_SDK,TF-IDF+SVM,0.11190055310002378
43,Titanium_Mobile_Platform,TF-IDF+SVM,0.2973767526006331
43,Apache_Mesos,Local-only,0.38619256277544456
43,Appcelerator_Studio,Local-only,0.1374798385172601
43,Aptana_Studio,Local-only,-0.0057199428005718644
43,Atlassian_Confluence_Server,Local-only,0.0
43,DotNetNuke_Platform,Local-only,0.2291194851803725
43,Hyperledger_Fabric,Local-only,0.17785467128027688
43,Hyperledger_Indy_Node,Local-only,0.17213056210270694
43,Hyperledger_Indy_SDK,Local-only,0.17653810835629025
43,Hyperledger_Sawtooth,Local-only,0.316261604255763
43,Lyrasis_Dura_Cloud,Local-only,0.22346850733390855
43,MongoDB_Core_Server,Local-only,0.1910112359550562
43,Moodle,Local-only,0.03949096292051679
43,Mule,Local-only,0.3900159459712973
43,Sonatype_Nexus,Local-only,0.19399437754705673
43,Spring_XD,Local-only,0.45212346356872546
43,The_MongoDB_Engineering,Local-only,0.18598484708011453
43,The_Titanium_SDK,Local-only,0.1884651742712551
43,Titanium_Mobile_Platform,Local-only,0.16140135514074927
43,Apache_Mesos,Centralized,0.34960231466866687
43,Appcelerator_Studio,Centralized,0.12493533747033903
43,Aptana_Studio,Centralized,0.08868053967528022
43,Atlassian_Confluence_Server,Centralized,0.2354093223658441
43,DotNetNuke_Platform,Centralized,0.21450151057401812
43,Hyperledger_Fabric,Centralized,0.11986814504045551
43,Hyperledger_Indy_Node,Centralized,0.08697394789579149
43,Hyperledger_Indy_SDK,Centralized,0.30939545629572573
43,Hyperledger_Sawtooth,Centralized,0.19665809768637532
43,Lyrasis_Dura_Cloud,Centralized,0.3472649047326368
43,MongoDB_Core_Server,Centralized,0.2364532019704434
43,Moodle,Centralized,0.15725684274315732
43,Mule,Centralized,0.3843377190607685
43,Sonatype_Nexus,Centralized,0.28304434337691864
43,Spring_XD,Centralized,0.4232293970669846
43,The_MongoDB_Engineering,Centralized,0.16694013474604563
43,The_Titanium_SDK,Centralized,0.10454639101166652
43,Titanium_Mobile_Platform,Centralized,0.17103136113805384
43,Apache_Mesos,FedAvg,0.30663166746820925
43,Appcelerator_Studio,FedAvg,0.05845982603882749
43,Aptana_Studio,FedAvg,0.013862714408918175
43,Atlassian_Confluence_Server,FedAvg,0.23211169284467714
43,DotNetNuke_Platform,FedAvg,0.13997467285774579
43,Hyperledger_Fabric,FedAvg,0.05866344118536437
43,Hyperledger_Indy_Node,FedAvg,0.06137424949966641
43,Hyperledger_Indy_SDK,FedAvg,0.20059273894788843
43,Hyperledger_Sawtooth,FedAvg,0.17030567685589526
43,Lyrasis_Dura_Cloud,FedAvg,0.28101983002832875
43,MongoDB_Core_Server,FedAvg,0.08823529411764708
43,Moodle,FedAvg,0.21641791044776115
43,Mule,FedAvg,0.24840049388259056
43,Sonatype_Nexus,FedAvg,0.18086270070145105
43,Spring_XD,FedAvg,0.340023269667731
43,The_MongoDB_Engineering,FedAvg,0.12363747142436099
43,The_Titanium_SDK,FedAvg,0.057920970453999465
43,Titanium_Mobile_Platform,FedAvg,-0.10362809130848571
43,Apache_Mesos,FedProx,0.2995708154506438
43,Appcelerator_Studio,FedProx,0.05924846211476431
43,Aptana_Studio,FedProx,0.01603193405487857
43,Atlassian_Confluence_Server,FedProx,0.23211169284467714
43,DotNetNuke_Platform,FedProx,0.1307438294061678
43,Hyperledger_Fabric,FedProx,0.059491778774289905
43,Hyperledger_Indy_Node,FedProx,0.04011461318051579
43,Hyperledger_Indy_SDK,FedProx,0.1954068896655018
43,Hyperledger_Sawtooth,FedProx,0.19099393520409758
43,Lyrasis_Dura_Cloud,FedProx,0.2749295774647885
43,MongoDB_Core_Server,FedProx,0.09661835748792269
43,Moodle,FedProx,0.2054787622428682
43,Mule,FedProx,0.24776311653261973
43,Sonatype_Nexus,FedProx,0.17634954753727172
43,Spring_XD,FedProx,0.3361084885417561
43,The_MongoDB_Engineering,FedProx,0.13866299400168514
43,The_Titanium_SDK,FedProx,0.060206464307681395
43,Titanium_Mobile_Platform,FedProx,-0.10115588231487105
44,Apache_Mesos,Median,0.0
44,Appcelerator_Studio,Median,0.0
44,Aptana_Studio,Median,0.0
44,Atlassian_Confluence_Server,Median,0.0
44,DotNetNuke_Platform,Median,0.0
44,Hyperledger_Fabric,Median,0.0
44,Hyperledger_Indy_Node,Median,0.0
44,Hyperledger_Indy_SDK,Median,0.0
44,Hyperledger_Sawtooth,Median,0.0
44,Lyrasis_Dura_Cloud,Median,0.0
44,MongoDB_Core_Server,Median,0.0
44,Moodle,Median,0.0
44,Mule,Median,0.0
44,Sonatype_Nexus,Median,0.0
44,Spring_XD,Median,0.0
44,The_MongoDB_Engineering,Median,0.0
44,The_Titanium_SDK,Median,0.0
44,Titanium_Mobile_Platform,Median,0.0
44,Apache_Mesos,TF-IDF+SVM,0.25260088728523844
44,Appcelerator_Studio,TF-IDF+SVM,0.11886870565817298
44,Aptana_Studio,TF-IDF+SVM,-0.037591461368060575
44,Atlassian_Confluence_Server,TF-IDF+SVM,0.14090191261624851
44,DotNetNuke_Platform,TF-IDF+SVM,0.09606738093763545
44,Hyperledger_Fabric,TF-IDF+SVM,0.3260393873085339
44,Hyperledger_Indy_Node,TF-IDF+SVM,0.12767744645107104
44,Hyperledger_Indy_SDK,TF-IDF+SVM,0.14102835827222238
44,Hyperledger_Sawtooth,TF-IDF+SVM,0.0847324650870862
44,Lyrasis_Dura_Cloud,TF-IDF+SVM,0.17470355731225284
44,MongoDB_Core_Server,TF-IDF+SVM,0.18884120171673824
44,Moodle,TF-IDF+SVM,0.018150739991707243
44,Mule,TF-IDF+SVM,0.24216115235239177
44,Sonatype_Nexus,TF-IDF+SVM,0.09923923106559407
44,Spring_XD,TF-IDF+SVM,0.27955642279556414
44,The_MongoDB_Engineering,TF-IDF+SVM,0.14021901570818374
44,The_Titanium_SDK,TF-IDF+SVM,0.11190055310002378
44,Titanium_Mobile_Platform,TF-IDF+SVM,0.2973767526006331
44,Apache_Mesos,Local-only,0.38730370848375684
44,Appcelerator_Studio,Local-only,0.11497643370994293
44,Aptana_Studio,Local-only,0.07840259539626138
44,Atlassian_Confluence_Server,Local-only,0.0
44,DotNetNuke_Platform,Local-only,0.23314869149901973
44,Hyperledger_Fabric,Local-only,0.08965517241379306
44,Hyperledger_Indy_Node,Local-only,0.1447239217463554
44,Hyperledger_Indy_SDK,Local-only,0.20516399162595955
44,Hyperledger_Sawtooth,Local-only,0.29335344325232227
44,Lyrasis_Dura_Cloud,Local-only,0.21336760925449882
44,MongoDB_Core_Server,Local-only,0.12048192771084343
44,Moodle,Local-only,0.07601361884688773
44,Mule,Local-only,0.4188994100328518
44,Sonatype_Nexus,Local-only,0.20465732798836633
44,Spring_XD,Local-only,0.4647942702370341
44,The_MongoDB_Engineering,Local-only,0.20176970918041104
44,The_Titanium_SDK,Local-only,0.2417468770128185
44,Titanium_Mobile_Platform,Local-only,0.10108757870635376
44,Apache_Mesos,Centralized,0.3373816844594092
44,Appcelerator_Studio,Centralized,0.12470468497926568
44,Aptana_Studio,Centralized,0.10065391937753487
44,Atlassian_Confluence_Server,Centralized,0.2362768496420048
44,DotNetNuke_Platform,Centralized,0.18091828515170483
44,Hyperledger_Fabric,Centralized,0.06682941714983204
44,Hyperledger_Indy_Node,Centralized,0.08744848781169245
44,Hyperledger_Indy_SDK,Centralized,0.26511925042589446
44,Hyperledger_Sawtooth,Centralized,0.10098443950460456
44,Lyrasis_Dura_Cloud,Centralized,0.2700054436581383
44,MongoDB_Core_Server,Centralized,0.21568627450980393
44,Moodle,Centralized,0.15149152967051327
44,Mule,Centralized,0.40057821265909854
44,Sonatype_Nexus,Centralized,0.24702270645249258
44,Spring_XD,Centralized,0.39697585132685165
44,The_MongoDB_Engineering,Centralized,0.14651882592660836
44,The_Titanium_SDK,Centralized,0.12245589625586406
44,Titanium_Mobile_Platform,Centralized,0.21918985709680883
44,Apache_Mesos,FedAvg,0.290126798093191
44,Appcelerator_Studio,FedAvg,0.062251522367179124
44,Aptana_Studio,FedAvg,0.042256195992783074
44,Atlassian_Confluence_Server,FedAvg,0.22951181798100284
44,DotNetNuke_Platform,FedAvg,0.13431533566002885
44,Hyperledger_Fabric,FedAvg,0.06321079079608571
44,Hyperledger_Indy_Node,FedAvg,0.1950530035335689
44,Hyperledger_Indy_SDK,FedAvg,0.19082298062735026
44,Hyperledger_Sawtooth,FedAvg,0.23213001582050907
44,Lyrasis_Dura_Cloud,FedAvg,0.33040421792618635
44,MongoDB_Core_Server,FedAvg,0.18000000000000005
44,Moodle,FedAvg,0.19340560970757903
44,Mule,FedAvg,0.2824276170950001
44,Sonatype_Nexus,FedAvg,0.2456264384241641
44,Spring_XD,FedAvg,0.3850601304825161
44,The_MongoDB_Engineering,FedAvg,0.16408397984807377
44,The_Titanium_SDK,FedAvg,0.06588533655469442
44,Titanium_Mobile_Platform,FedAvg,-0.07044950614795398
44,Apache_Mesos,FedProx,0.2917951252422081
44,Appcelerator_Studio,FedProx,0.06139926737092927
44,Aptana_Studio,FedProx,0.023638018878471723
44,Atlassian_Confluence_Server,FedProx,0.2508833922261484
44,DotNetNuke_Platform,FedProx,0.1393323657474601
44,Hyperledger_Fabric,FedProx,0.05528413473900751
44,Hyperledger_Indy_Node,FedProx,0.18609680086497493
44,Hyperledger_Indy_SDK,FedProx,0.18875159778440564
44,Hyperledger_Sawtooth,FedProx,0.2228815023906907
44,Lyrasis_Dura_Cloud,FedProx,0.3104631217838765
44,MongoDB_Core_Server,FedProx,0.15458937198067635
44,Moodle,FedProx,0.20279615901288628
44,Mule,FedProx,0.2768543891979922
44,Sonatype_Nexus,FedProx,0.24215494451331543
44,Spring_XD,FedProx,0.38101521865784405
44,The_MongoDB_Engineering,FedProx,0.16147998614974113
44,The_Titanium_SDK,FedProx,0.06933397585788881
44,Titanium_Mobile_Platform,FedProx,-0.07242428485951802
