seed,project,condition,mae
42,Apache_Mesos,Median,1.3510971786833856
42,Appcelerator_Studio,Median,1.3441033925686592
42,Aptana_Studio,Median,1.5609756097560976
42,Atlassian_Confluence_Server,Median,0.84375
42,DotNetNuke_Platform,Median,0.6506986027944112
42,Hyperledger_Fabric,Median,0.8181818181818182
42,Hyperledger_Indy_Node,Median,1.3134328358208955
42,Hyperledger_Indy_SDK,Median,1.7352941176470589
42,Hyperledger_Sawtooth,Median,0.9473684210526315
42,Lyrasis_Dura_Cloud,Median,0.746031746031746
42,MongoDB_Core_Server,Median,0.8309859154929577
42,Moodle,Median,2.933673469387755
42,Mule,Median,2.8333333333333335
42,Sonatype_Nexus,Median,1.2135593220338983
42,Spring_XD,Median,1.6891679748822606
42,The_MongoDB_Engineering,Median,0.6685649202733486
42,The_Titanium_SDK,Median,1.750332005312085
42,Titanium_Mobile_Platform,Median,2.548076923076923
42,Apache_Mesos,TF-IDF+SVM,1.4623824451410659
42,Appcelerator_Studio,TF-IDF+SVM,1.6882067851373181
42,Aptana_Studio,TF-IDF+SVM,2.6666666666666665
42,Atlassian_Confluence_Server,TF-IDF+SVM,0.984375
42,DotNetNuke_Platform,TF-IDF+SVM,0.7005988023952096
42,Hyperledger_Fabric,TF-IDF+SVM,1.290909090909091
42,Hyperledger_Indy_Node,TF-IDF+SVM,1.507462686567164
42,Hyperledger_Indy_SDK,TF-IDF+SVM,1.9485294117647058
42,Hyperledger_Sawtooth,TF-IDF+SVM,1.1894736842105262
42,Lyrasis_Dura_Cloud,TF-IDF+SVM,0.6746031746031746
42,MongoDB_Core_Server,TF-IDF+SVM,0.9577464788732394
42,Moodle,TF-IDF+SVM,3.5051020408163267
42,Mule,TF-IDF+SVM,2.4427083333333335
42,Sonatype_Nexus,TF-IDF+SVM,1.0813559322033899
42,Spring_XD,TF-IDF+SVM,2.1585557299843012
42,The_MongoDB_Engineering,TF-IDF+SVM,0.5079726651480638
42,The_Titanium_SDK,TF-IDF+SVM,1.950863213811421
42,Titanium_Mobile_Platform,TF-IDF+SVM,2.485576923076923
42,Apache_Mesos,Local-only,1.2210031347962382
42,Appcelerator_Studio,Local-only,1.381260096930533
42,Aptana_Studio,Local-only,1.7642276422764227
42,Atlassian_Confluence_Server,Local-only,0.8359375
42,DotNetNuke_Platform,Local-only,0.6107784431137725
42,Hyperledger_Fabric,Local-only,0.8909090909090909
42,Hyperledger_Indy_Node,Local-only,1.2835820895522387
42,Hyperledger_Indy_SDK,Local-only,1.6691176470588236
42,Hyperledger_Sawtooth,Local-only,0.8947368421052632
42,Lyrasis_Dura_Cloud,Local-only,0.5952380952380952
42,MongoDB_Core_Server,Local-only,0.8098591549295775
42,Moodle,Local-only,2.3418367346938775
42,Mule,Local-only,1.5885416666666667
42,Sonatype_Nexus,Local-only,1.0033898305084745
42,Spring_XD,Local-only,1.4081632653061225
42,The_MongoDB_Engineering,Local-only,0.5056947608200456
42,The_Titanium_SDK,Local-only,1.5617529880478087
42,Titanium_Mobile_Platform,Local-only,2.6923076923076925
42,Apache_Mesos,Centralized,1.2821316614420062
42,Appcelerator_Studio,Centralized,1.4733441033925687
42,Aptana_Studio,Centralized,2.3821138211382116
42,Atlassian_Confluence_Server,Centralized,0.890625
42,DotNetNuke_Platform,Centralized,0.7485029940119761
42,Hyperledger_Fabric,Centralized,1.6363636363636365
42,Hyperledger_Indy_Node,Centralized,1.4029850746268657
42,Hyperledger_Indy_SDK,Centralized,1.6764705882352942
42,Hyperledger_Sawtooth,Centralized,1.1368421052631579
42,Lyrasis_Dura_Cloud,Centralized,0.7619047619047619
42,MongoDB_Core_Server,Centralized,0.8873239436619719
42,Moodle,Centralized,1.780612244897959
42,Mule,Centralized,1.6371527777777777
42,Sonatype_Nexus,Centralized,0.9389830508474576
42,Spring_XD,Centralized,1.370486656200942
42,The_MongoDB_Engineering,Centralized,0.6321184510250569
42,The_Titanium_SDK,Centralized,1.6852589641434264
42,Titanium_Mobile_Platform,Centralized,2.5721153846153846
42,Apache_Mesos,FedAvg,1.311912225705329
42,Appcelerator_Studio,FedAvg,2.378029079159935
42,Aptana_Studio,FedAvg,3.268292682926829
42,Atlassian_Confluence_Server,FedAvg,0.7421875
42,DotNetNuke_Platform,FedAvg,0.8642714570858283
42,Hyperledger_Fabric,FedAvg,2.0454545454545454
42,Hyperledger_Indy_Node,FedAvg,1.5298507462686568
42,Hyperledger_Indy_SDK,FedAvg,1.713235294117647
42,Hyperledger_Sawtooth,FedAvg,1.0842105263157895
42,Lyrasis_Dura_Cloud,FedAvg,0.8571428571428571
42,MongoDB_Core_Server,FedAvg,0.9225352112676056
42,Moodle,FedAvg,1.0612244897959184
42,Mule,FedAvg,1.6024305555555556
42,Sonatype_Nexus,FedAvg,0.9288135593220339
42,Spring_XD,FedAvg,1.4521193092621665
42,The_MongoDB_Engineering,FedAvg,0.7255125284738041
42,The_Titanium_SDK,FedAvg,2.200531208499336
42,Titanium_Mobile_Platform,FedAvg,2.6586538461538463
42,Apache_Mesos,FedProx,1.3213166144200628
42,Appcelerator_Studio,FedProx,2.379644588045234
42,Aptana_Studio,FedProx,3.2764227642276422
42,Atlassian_Confluence_Server,FedProx,0.734375
42,DotNetNuke_Platform,FedProx,0.8562874251497006
42,Hyperledger_Fabric,FedProx,2.0454545454545454
42,Hyperledger_Indy_Node,FedProx,1.544776119402985
42,Hyperledger_Indy_SDK,FedProx,1.713235294117647
42,Hyperledger_Sawtooth,FedProx,1.0736842105263158
42,Lyrasis_Dura_Cloud,FedProx,0.8571428571428571
42,MongoDB_Core_Server,FedProx,0.9295774647887324
42,Moodle,FedProx,1.0765306122448979
42,Mule,FedProx,1.6024305555555556
42,Sonatype_Nexus,FedProx,0.9322033898305084
42,Spring_XD,FedProx,1.444270015698587
42,The_MongoDB_Engineering,FedProx,0.7129840546697038
42,The_Titanium_SDK,FedProx,2.199203187250996
42,Titanium_Mobile_Platform,FedProx,2.6634615384615383
43,Apache_Mesos,Median,1.3510971786833856
43,Appcelerator_Studio,Median,1.3441033925686592
43,Aptana_Studio,Median,1.5609756097560976
43,Atlassian_Confluence_Server,Median,0.84375
43,DotNetNuke_Platform,Median,0.6506986027944112
43,Hyperledger_Fabric,Median,0.8181818181818182
43,Hyperledger_Indy_Node,Median,1.3134328358208955
43,Hyperledger_Indy_SDK,Median,1.7352941176470589
43,Hyperledger_Sawtooth,Median,0.9473684210526315
43,Lyrasis_Dura_Cloud,Median,0.746031746031746
43,MongoDB_Core_Server,Median,0.8309859154929577
43,Moodle,Median,2.933673469387755
43,Mule,Median,2.8333333333333335
43,Sonatype_Nexus,Median,1.2135593220338983
43,Spring_XD,Median,1.6891679748822606
43,The_MongoDB_Engineering,Median,0.6685649202733486
43,The_Titanium_SDK,Median,1.750332005312085
43,Titanium_Mobile_Platform,Median,2.548076923076923
43,Apache_Mesos,TF-IDF+SVM,1.4623824451410659
43,Appcelerator_Studio,TF-IDF+SVM,1.6882067851373181
43,Aptana_Studio,TF-IDF+SVM,2.6666666666666665
43,Atlassian_Confluence_Server,TF-IDF+SVM,0.984375
43,DotNetNuke_Platform,TF-IDF+SVM,0.7005988023952096
43,Hyperledger_Fabric,TF-IDF+SVM,1.290909090909091
43,Hyperledger_Indy_Node,TF-IDF+SVM,1.507462686567164
43,Hyperledger_Indy_SDK,TF-IDF+SVM,1.9485294117647058
43,Hyperledger_Sawtooth,TF-IDF+SVM,1.1894736842105262
43,Lyrasis_Dura_Cloud,TF-IDF+SVM,0.6746031746031746
43,MongoDB_Core_Server,TF-IDF+SVM,0.9577464788732394
43,Moodle,TF-IDF+SVM,3.5051020408163267
43,Mule,TF-IDF+SVM,2.4427083333333335
43,Sonatype_Nexus,TF-IDF+SVM,1.0813559322033899
43,Spring_XD,TF-IDF+SVM,2.1585557299843012
43,The_MongoDB_Engineering,TF-IDF+SVM,0.5079726651480638
43,The_Titanium_SDK,TF-IDF+SVM,1.950863213811421
43,Titanium_Mobile_Platform,TF-IDF+SVM,2.485576923076923
43,Apache_Mesos,Local-only,1.2304075235109717
43,Appcelerator_Studio,Local-only,1.3311793214862682
43,Aptana_Studio,Local-only,1.967479674796748
43,Atlassian_Confluence_Server,Local-only,0.84375
43,DotNetNuke_Platform,Local-only,0.624750499001996
43,Hyperledger_Fabric,Local-only,0.7909090909090909
43,Hyperledger_Indy_Node,Local-only,1.3507462686567164
43,Hyperledger_Indy_SDK,Local-only,1.6764705882352942
43,Hyperledger_Sawtooth,Local-only,0.9
43,Lyrasis_Dura_Cloud,Local-only,0.6111111111111112
43,MongoDB_Core_Server,Local-only,0.8028169014084507
43,Moodle,Local-only,2.3418367346938775
43,Mule,Local-only,1.6631944444444444
43,Sonatype_Nexus,Local-only,0.9864406779661017
43,Spring_XD,Local-only,1.4505494505494505
43,The_MongoDB_Engineering,Local-only,0.5011389521640092
43,The_Titanium_SDK,Local-only,1.5683930942895086
43,Titanium_Mobile_Platform,Local-only,2.5961538461538463
43,Apache_Mesos,Centralized,1.2789968652037618
43,Appcelerator_Studio,Centralized,1.4555735056542811
43,Aptana_Studio,Centralized,2.3089430894308944
43,Atlassian_Confluence_Server,Centralized,0.8515625
43,DotNetNuke_Platform,Centralized,0.7964071856287425
43,Hyperledger_Fabric,Centralized,1.3909090909090909
43,Hyperledger_Indy_Node,Centralized,1.5223880597014925
43,Hyperledger_Indy_SDK,Centralized,1.6323529411764706
43,Hyperledger_Sawtooth,Centralized,1.0315789473684212
43,Lyrasis_Dura_Cloud,Centralized,0.7380952380952381
43,MongoDB_Core_Server,Centralized,0.8661971830985915
43,Moodle,Centralized,1.7908163265306123
43,Mule,Centralized,1.6059027777777777
43,Sonatype_Nexus,Centralized,0.9559322033898305
43,Spring_XD,Centralized,1.4364207221350078
43,The_MongoDB_Engineering,Centralized,0.6252847380410023
43,The_Titanium_SDK,Centralized,1.701195219123506
43,Titanium_Mobile_Platform,Centralized,2.5576923076923075
43,Apache_Mesos,FedAvg,1.286833855799373
43,Appcelerator_Studio,FedAvg,2.360258481421648
43,Aptana_Studio,FedAvg,3.178861788617886
43,Atlassian_Confluence_Server,FedAvg,0.75
43,DotNetNuke_Platform,FedAvg,0.846307385229541
43,Hyperledger_Fabric,FedAvg,1.5727272727272728
43,Hyperledger_Indy_Node,FedAvg,1.5671641791044777
43,Hyperledger_Indy_SDK,FedAvg,1.6691176470588236
43,Hyperledger_Sawtooth,FedAvg,1.1157894736842104
43,Lyrasis_Dura_Cloud,FedAvg,0.873015873015873
43,MongoDB_Core_Server,FedAvg,1.0070422535211268
43,Moodle,FedAvg,1.1224489795918366
43,Mule,FedAvg,1.6458333333333333
43,Sonatype_Nexus,FedAvg,1.0033898305084745
43,Spring_XD,FedAvg,1.4772370486656201
43,The_MongoDB_Engineering,FedAvg,0.7380410022779044
43,The_Titanium_SDK,FedAvg,2.151394422310757
43,Titanium_Mobile_Platform,FedAvg,2.6826923076923075
43,Apache_Mesos,FedProx,1.293103448275862
43,Appcelerator_Studio,FedProx,2.35702746365105
43,Aptana_Studio,FedProx,3.154471544715447
43,Atlassian_Confluence_Server,FedProx,0.75
43,DotNetNuke_Platform,FedProx,0.8562874251497006
43,Hyperledger_Fabric,FedProx,1.5909090909090908
43,Hyperledger_Indy_Node,FedProx,1.5597014925373134
43,Hyperledger_Indy_SDK,FedProx,1.661764705882353
43,Hyperledger_Sawtooth,FedProx,1.0842105263157895
43,Lyrasis_Dura_Cloud,FedProx,0.873015873015873
43,MongoDB_Core_Server,FedProx,1.0140845070422535
43,Moodle,FedProx,1.1275510204081634
43,Mule,FedProx,1.6527777777777777
43,Sonatype_Nexus,FedProx,1.0
43,Spring_XD,FedProx,1.4866562009419153
43,The_MongoDB_Engineering,FedProx,0.7517084282460137
43,The_Titanium_SDK,FedProx,2.146082337317397
43,Titanium_Mobile_Platform,FedProx,2.6923076923076925
44,Apache_Mesos,Median,1.3510971786833856
44,Appcelerator_Studio,Median,1.3441033925686592
44,Aptana_Studio,Median,1.5609756097560976
44,Atlassian_Confluence_Server,Median,0.84375
44,DotNetNuke_Platform,Median,0.6506986027944112
44,Hyperledger_Fabric,Median,0.8181818181818182
44,Hyperledger_Indy_Node,Median,1.3134328358208955
44,Hyperledger_Indy_SDK,Median,1.7352941176470589
44,Hyperledger_Sawtooth,Median,0.9473684210526315
44,Lyrasis_Dura_Cloud,Median,0.746031746031746
44,MongoDB_Core_Server,Median,0.8309859154929577
44,Moodle,Median,2.933673469387755
44,Mule,Median,2.8333333333333335
44,Sonatype_Nexus,Median,1.2135593220338983
44,Spring_XD,Median,1.6891679748822606
44,The_MongoDB_Engineering,Median,0.6685649202733486
44,The_Titanium_SDK,Median,1.750332005312085
44,Titanium_Mobile_Platform,Median,2.548076923076923
44,Apache_Mesos,TF-IDF+SVM,1.4623824451410659
44,Appcelerator_Studio,TF-IDF+SVM,1.6882067851373181
44,Aptana_Studio,TF-IDF+SVM,2.6666666666666665
44,Atlassian_Confluence_Server,TF-IDF+SVM,0.984375
44,DotNetNuke_Platform,TF-IDF+SVM,0.7005988023952096
44,Hyperledger_Fabric,TF-IDF+SVM,1.290909090909091
44,Hyperledger_Indy_Node,TF-IDF+SVM,1.507462686567164
44,Hyperledger_Indy_SDK,TF-IDF+SVM,1.9485294117647058
44,Hyperledger_Sawtooth,TF-IDF+SVM,1.1894736842105262
44,Lyrasis_Dura_Cloud,TF-IDF+SVM,0.6746031746031746
44,MongoDB_Core_Server,TF-IDF+SVM,0.9577464788732394
44,Moodle,TF-IDF+SVM,3.5051020408163267
44,Mule,TF-IDF+SVM,2.4427083333333335
44,Sonatype_Nexus,TF-IDF+SVM,1.0813559322033899
44,Spring_XD,TF-IDF+SVM,2.1585557299843012
44,The_MongoDB_Engineering,TF-IDF+SVM,0.5079726651480638
44,The_Titanium_SDK,TF-IDF+SVM,1.950863213811421
44,Titanium_Mobile_Platform,TF-IDF+SVM,2.485576923076923
44,Apache_Mesos,Local-only,1.219435736677116
44,Appcelerator_Studio,Local-only,1.4006462035541196
44,Aptana_Studio,Local-only,1.7723577235772359
44,Atlassian_Confluence_Server,Local-only,0.84375
44,DotNetNuke_Platform,Local-only,0.5968063872255489
44,Hyperledger_Fabric,Local-only,0.8272727272727273
44,Hyperledger_Indy_Node,Local-only,1.335820895522388
44,Hyperledger_Indy_SDK,Local-only,1.661764705882353
44,Hyperledger_Sawtooth,Local-only,0.9
44,Lyrasis_Dura_Cloud,Local-only,0.6111111111111112
44,MongoDB_Core_Server,Local-only,0.7887323943661971
44,Moodle,Local-only,2.2244897959183674
44,Mule,Local-only,1.609375
44,Sonatype_Nexus,Local-only,1.0
44,Spring_XD,Local-only,1.3956043956043955
44,The_MongoDB_Engineering,Local-only,0.4977220956719818
44,The_Titanium_SDK,Local-only,1.547144754316069
44,Titanium_Mobile_Platform,Local-only,2.668269230769231
44,Apache_Mesos,Centralized,1.2774294670846396
44,Appcelerator_Studio,Centralized,1.4103392568659128
44,Aptana_Studio,Centralized,2.186991869918699
44,Atlassian_Confluence_Server,Centralized,0.84375
44,DotNetNuke_Platform,Centralized,0.8343313373253493
44,Hyperledger_Fabric,Centralized,1.4090909090909092
44,Hyperledger_Indy_Node,Centralized,1.4701492537313432
44,Hyperledger_Indy_SDK,Centralized,1.6544117647058822
44,Hyperledger_Sawtooth,Centralized,1.1894736842105262
44,Lyrasis_Dura_Cloud,Centralized,0.8888888888888888
44,MongoDB_Core_Server,Centralized,0.9154929577464789
44,Moodle,Centralized,1.9285714285714286
44,Mule,Centralized,1.6180555555555556
44,Sonatype_Nexus,Centralized,0.9966101694915255
44,Spring_XD,Centralized,1.4740973312401884
44,The_MongoDB_Engineering,Centralized,0.664009111617312
44,The_Titanium_SDK,Centralized,1.6454183266932272
44,Titanium_Mobile_Platform,Centralized,2.4759615384615383
44,Apache_Mesos,FedAvg,1.3025078369905956
44,Appcelerator_Studio,FedAvg,2.3877221324717284
44,Aptana_Studio,FedAvg,3.138211382113821
44,Atlassian_Confluence_Server,FedAvg,0.78125
44,DotNetNuke_Platform,FedAvg,0.9041916167664671
44,Hyperledger_Fabric,FedAvg,1.7363636363636363
44,Hyperledger_Indy_Node,FedAvg,1.4253731343283582
44,Hyperledger_Indy_SDK,FedAvg,1.7058823529411764
44,Hyperledger_Sawtooth,FedAvg,1.1263157894736842
44,Lyrasis_Dura_Cloud,FedAvg,0.7936507936507936
44,MongoDB_Core_Server,FedAvg,0.9366197183098591
44,Moodle,FedAvg,1.1377551020408163
44,Mule,FedAvg,1.5972222222222223
44,Sonatype_Nexus,FedAvg,0.9457627118644067
44,Spring_XD,FedAvg,1.4505494505494505
44,The_MongoDB_Engineering,FedAvg,0.7801822323462415
44,The_Titanium_SDK,FedAvg,2.237715803452855
44,Titanium_Mobile_Platform,FedAvg,2.668269230769231
44,Apache_Mesos,FedProx,1.2993730407523512
44,Appcelerator_Studio,FedProx,2.382875605815832
44,Aptana_Studio,FedProx,3.1463414634146343
44,Atlassian_Confluence_Server,FedProx,0.7734375
44,DotNetNuke_Platform,FedProx,0.8902195608782435
44,Hyperledger_Fabric,FedProx,1.8
44,Hyperledger_Indy_Node,FedProx,1.455223880597015
44,Hyperledger_Indy_SDK,FedProx,1.7205882352941178
44,Hyperledger_Sawtooth,FedProx,1.1421052631578947
44,Lyrasis_Dura_Cloud,FedProx,0.8174603174603174
44,MongoDB_Core_Server,FedProx,0.9788732394366197
44,Moodle,FedProx,1.1275510204081634
44,Mule,FedProx,1.5989583333333333
44,Sonatype_Nexus,FedProx,0.9491525423728814
44,Spring_XD,FedProx,1.4427001569858713
44,The_MongoDB_Engineering,FedProx,0.7813211845102506
44,The_Titanium_SDK,FedProx,2.233731739707835
44,Titanium_Mobile_Platform,FedProx,2.6634615384615383
